url_path,views_total,views_unique
/benfulcher/hctsa,243,167
/benfulcher/hctsa/tree/main/TimeSeries,40,15
/benfulcher/hctsa/tree/main/FeatureSets,28,10
/benfulcher/hctsa/tree/main/Toolboxes/OpenTSTOOL/mex-dev/NN,25,2
/benfulcher/hctsa/tree/main/Toolboxes,23,9
/benfulcher/hctsa/tree/main/Toolboxes/OpenTSTOOL/mex-dev,19,1
/benfulcher/hctsa/wiki,17,16
/benfulcher/hctsa/tree/main/Operations,16,4
/benfulcher/hctsa/blob/main/Toolboxes/OpenTSTOOL/mex-dev/NNSearcher/nearneigh_search.h,16,1
/benfulcher/hctsa/tree/main/Toolboxes/OpenTSTOOL/mex-dev/NNSearcher,16,1
