1,ST_Length(x)
2,DN_Burstiness(x)
3,DN_MinMax(y,'max')
4,DN_MinMax(y,'min')
5,DN_Mean(x,'norm')
6,DN_Mean(x,'harm')
7,DN_Mean(x,'rms')
8,DN_Mean(x,'median')
9,DN_Mean(x,'iqm')
10,DN_Mean(x,'midhinge')
11,DN_HistogramMode(y,5)
12,DN_HistogramMode(y,10)
13,DN_HistogramMode(y,20)
14,DN_TrimmedMean(x,1)
15,DN_TrimmedMean(x,2)
16,DN_TrimmedMean(x,5)
17,DN_TrimmedMean(x,10)
18,DN_TrimmedMean(x,25)
19,DN_TrimmedMean(x,50)
20,DN_Spread(x,'std')
21,DN_Spread(x,'mad')
22,DN_Spread(x,'iqr')
23,DN_Spread(x,'mead')
24,DN_Spread(diff(x),'std')
25,DN_Moments(y,3)
26,DN_Moments(y,4)
27,DN_Moments(y,5)
28,DN_Moments(y,6)
29,DN_Moments(y,7)
30,DN_Moments(y,8)
31,DN_Moments(y,9)
32,DN_Moments(y,10)
33,DN_Moments(y,11)
34,DN_Moments(x,3)
35,DN_Moments(x,4)
36,DN_Moments(x,5)
37,DN_Moments(x,6)
38,DN_Moments(x,7)
39,DN_Moments(x,8)
40,DN_Moments(x,9)
41,DN_Moments(x,10)
42,DN_Moments(x,11)
43,DN_CustomSkewness(x,'pearson')
44,DN_CustomSkewness(y,'bowley')
45,DN_Withinp(y,0.5)
46,DN_Withinp(y,1)
47,DN_Withinp(y,1.5)
48,DN_Withinp(y,2)
49,DN_Withinp(y,2.5)
50,DN_Withinp(y,3)
51,DN_pleft(y,0.05)
52,DN_pleft(y,0.1)
53,DN_pleft(y,0.2)
54,DN_pleft(y,0.3)
55,DN_pleft(y,0.4)
56,DN_pleft(y,0.5)
57,DN_Quantile(y,0.01)
58,DN_Quantile(y,0.02)
59,DN_Quantile(y,0.03)
60,DN_Quantile(y,0.04)
61,DN_Quantile(y,0.05)
62,DN_Quantile(y,0.10)
63,DN_Quantile(y,0.20)
64,DN_Quantile(y,0.30)
65,DN_Quantile(y,0.40)
66,DN_Quantile(y,0.50)
67,DN_Quantile(y,0.60)
68,DN_Quantile(y,0.70)
69,DN_Quantile(y,0.80)
70,DN_Quantile(y,0.90)
71,DN_Quantile(y,0.91)
72,DN_Quantile(y,0.92)
73,DN_Quantile(y,0.93)
74,DN_Quantile(y,0.94)
75,DN_Quantile(y,0.95)
76,DN_Quantile(y,0.96)
77,DN_Quantile(y,0.97)
78,DN_Quantile(y,0.98)
79,DN_Quantile(y,0.99)
80,DN_cv(x,1)
81,DN_cv(x,2)
82,DN_cv(x,3)
83,DN_cv(x,4)
84,DN_cv(x,5)
85,DN_cv(x,6)
86,DN_HighLowMu(x)
87,ST_SimpleStats(y,'zcross')
88,ST_SimpleStats(y,'maxima')
89,ST_SimpleStats(y,'minima')
90,ST_SimpleStats(y,'pmcross')
91,DN_ProportionValues(x,'zeros')
92,DN_ProportionValues(x,'geq0')
93,DN_ProportionValues(x,'positive')
94,CO_AutoCorr(y,1,'TimeDomain')
95,CO_AutoCorr(y,2,'TimeDomain')
96,CO_AutoCorr(y,3,'TimeDomain')
97,CO_AutoCorr(y,4,'TimeDomain')
98,CO_AutoCorr(y,5,'TimeDomain')
99,CO_AutoCorr(y,6,'TimeDomain')
100,CO_AutoCorr(y,7,'TimeDomain')
101,CO_AutoCorr(y,8,'TimeDomain')
102,CO_AutoCorr(y,9,'TimeDomain')
103,CO_AutoCorr(y,10,'TimeDomain')
104,CO_AutoCorr(y,11,'TimeDomain')
105,CO_AutoCorr(y,12,'TimeDomain')
106,CO_AutoCorr(y,13,'TimeDomain')
107,CO_AutoCorr(y,14,'TimeDomain')
108,CO_AutoCorr(y,15,'TimeDomain')
109,CO_AutoCorr(y,16,'TimeDomain')
110,CO_AutoCorr(y,17,'TimeDomain')
111,CO_AutoCorr(y,18,'TimeDomain')
112,CO_AutoCorr(y,19,'TimeDomain')
113,CO_AutoCorr(y,20,'TimeDomain')
114,CO_AutoCorr(y,21,'TimeDomain')
115,CO_AutoCorr(y,22,'TimeDomain')
116,CO_AutoCorr(y,23,'TimeDomain')
117,CO_AutoCorr(y,24,'TimeDomain')
118,CO_AutoCorr(y,25,'TimeDomain')
119,CO_AutoCorr(y,26,'TimeDomain')
120,CO_AutoCorr(y,27,'TimeDomain')
121,CO_AutoCorr(y,28,'TimeDomain')
122,CO_AutoCorr(y,29,'TimeDomain')
123,CO_AutoCorr(y,30,'TimeDomain')
124,CO_AutoCorr(y,31,'TimeDomain')
125,CO_AutoCorr(y,32,'TimeDomain')
126,CO_AutoCorr(y,33,'TimeDomain')
127,CO_AutoCorr(y,34,'TimeDomain')
128,CO_AutoCorr(y,35,'TimeDomain')
129,CO_AutoCorr(y,36,'TimeDomain')
130,CO_AutoCorr(y,37,'TimeDomain')
131,CO_AutoCorr(y,38,'TimeDomain')
132,CO_AutoCorr(y,39,'TimeDomain')
133,CO_AutoCorr(y,40,'TimeDomain')
134,CO_AutoCorr(y,1,'Fourier')
135,CO_AutoCorr(y,2,'Fourier')
136,CO_AutoCorr(y,3,'Fourier')
137,CO_AutoCorr(y,4,'Fourier')
138,CO_AutoCorr(y,5,'Fourier')
139,CO_AutoCorr(y,6,'Fourier')
140,CO_AutoCorr(y,7,'Fourier')
141,CO_AutoCorr(y,8,'Fourier')
142,CO_AutoCorr(y,9,'Fourier')
143,CO_AutoCorr(y,10,'Fourier')
144,CO_AutoCorr(y,11,'Fourier')
145,CO_AutoCorr(y,12,'Fourier')
146,CO_AutoCorr(y,13,'Fourier')
147,CO_AutoCorr(y,14,'Fourier')
148,CO_AutoCorr(y,15,'Fourier')
149,CO_AutoCorr(y,16,'Fourier')
150,CO_AutoCorr(y,17,'Fourier')
151,CO_AutoCorr(y,18,'Fourier')
152,CO_AutoCorr(y,19,'Fourier')
153,CO_AutoCorr(y,20,'Fourier')
154,CO_AutoCorr(y,21,'Fourier')
155,CO_AutoCorr(y,22,'Fourier')
156,CO_AutoCorr(y,23,'Fourier')
157,CO_AutoCorr(y,24,'Fourier')
158,CO_AutoCorr(y,25,'Fourier')
159,CO_AutoCorr(y,26,'Fourier')
160,CO_AutoCorr(y,27,'Fourier')
161,CO_AutoCorr(y,28,'Fourier')
162,CO_AutoCorr(y,29,'Fourier')
163,CO_AutoCorr(y,30,'Fourier')
164,CO_AutoCorr(y,31,'Fourier')
165,CO_AutoCorr(y,32,'Fourier')
166,CO_AutoCorr(y,33,'Fourier')
167,CO_AutoCorr(y,34,'Fourier')
168,CO_AutoCorr(y,35,'Fourier')
169,CO_AutoCorr(y,36,'Fourier')
170,CO_AutoCorr(y,37,'Fourier')
171,CO_AutoCorr(y,38,'Fourier')
172,CO_AutoCorr(y,39,'Fourier')
173,CO_AutoCorr(y,40,'Fourier')
174,CO_FirstZero(y,'ac')
175,CO_f1ecac(y)
176,CO_FirstMin(y,'ac')
177,CO_NonlinearAutocorr(y,[1,2])
178,CO_NonlinearAutocorr(y,[1,2,3])
179,CO_NonlinearAutocorr(y,[1,2,3,4])
180,CO_NonlinearAutocorr(y,[1,2,3,4,5])
181,CO_NonlinearAutocorr(y,[1,2,3,4,5,6])
182,CO_NonlinearAutocorr(y,[1,2,3,4,5,6,7])
183,CO_NonlinearAutocorr(y,[1,2,3,4,5,6,7,8])
184,CO_NonlinearAutocorr(y,[1,3])
185,CO_NonlinearAutocorr(y,[2,4])
186,CO_NonlinearAutocorr(y,[1,3,5])
187,CO_NonlinearAutocorr(y,[2,4,6])
188,CO_NonlinearAutocorr(y,[1,3,5,7])
189,CO_NonlinearAutocorr(y,[2,4,6,8])
190,CO_NonlinearAutocorr(y,[1,2,4])
191,CO_NonlinearAutocorr(y,[1,3,4])
192,CO_NonlinearAutocorr(y,[1,4])
193,CO_NonlinearAutocorr(y,[1,1])
194,CO_NonlinearAutocorr(y,[2,2])
195,CO_NonlinearAutocorr(y,[3,3])
196,CO_NonlinearAutocorr(y,[4,4])
197,CO_NonlinearAutocorr(y,[5,5])
198,CO_NonlinearAutocorr(y,[6,6])
199,CO_NonlinearAutocorr(y,[0,1,1])
200,CO_NonlinearAutocorr(y,[0,2,2])
201,CO_NonlinearAutocorr(y,[0,3,3])
202,CO_NonlinearAutocorr(y,[0,4,4])
203,CO_NonlinearAutocorr(y,[0,5,5])
204,CO_NonlinearAutocorr(y,[0,6,6])
205,CO_NonlinearAutocorr(y,[0,0,1])
206,CO_NonlinearAutocorr(y,[0,0,2])
207,CO_NonlinearAutocorr(y,[0,0,3])
208,CO_NonlinearAutocorr(y,[0,0,4])
209,CO_NonlinearAutocorr(y,[0,0,5])
210,CO_NonlinearAutocorr(y,[0,0,6])
211,CO_NonlinearAutocorr(y,[0,1,2])
212,CO_NonlinearAutocorr(y,[0,1,3])
213,CO_NonlinearAutocorr(y,[0,2,3])
214,CO_NonlinearAutocorr(y,[0,1,4])
215,CO_NonlinearAutocorr(y,[0,2,4])
216,CO_NonlinearAutocorr(y,[0,3,4])
217,CO_NonlinearAutocorr(y,[0,1,5])
218,CO_NonlinearAutocorr(y,[0,2,5])
219,CO_NonlinearAutocorr(y,[0,3,5])
220,CO_NonlinearAutocorr(y,[0,4,5])
221,CO_NonlinearAutocorr(y,[0,1,6])
222,CO_NonlinearAutocorr(y,[0,2,6])
223,CO_NonlinearAutocorr(y,[0,3,6])
224,CO_NonlinearAutocorr(y,[0,4,6])
225,CO_NonlinearAutocorr(y,[0,5,6])
226,CO_NonlinearAutocorr(y,[1,1,2])
227,CO_NonlinearAutocorr(y,[1,1,3])
228,CO_NonlinearAutocorr(y,[1,2,2])
229,CO_NonlinearAutocorr(y,[1,3,3])
230,CO_NonlinearAutocorr(y,[2,2,3])
231,CO_NonlinearAutocorr(y,[2,3,3])
232,CO_RM_AMInformation(y,0)
233,CO_RM_AMInformation(y,1)
234,CO_RM_AMInformation(y,2)
235,CO_RM_AMInformation(y,3)
236,CO_RM_AMInformation(y,4)
237,CO_RM_AMInformation(y,5)
238,CO_RM_AMInformation(y,6)
239,CO_RM_AMInformation(y,7)
240,CO_RM_AMInformation(y,8)
241,CO_RM_AMInformation(y,9)
242,CO_RM_AMInformation(y,10)
243,CO_FirstMin(y,'mi')
244,CO_HistogramAMI(y,1,'std1',2)
245,CO_HistogramAMI(y,1,'std1',4)
246,CO_HistogramAMI(y,1,'std1',6)
247,CO_HistogramAMI(y,1,'std1',8)
248,CO_HistogramAMI(y,1,'std1',10)
249,CO_HistogramAMI(y,1,'std1',20)
250,CO_HistogramAMI(y,2,'std1',2)
251,CO_HistogramAMI(y,2,'std1',4)
252,CO_HistogramAMI(y,2,'std1',6)
253,CO_HistogramAMI(y,2,'std1',8)
254,CO_HistogramAMI(y,2,'std1',10)
255,CO_HistogramAMI(y,2,'std1',20)
256,CO_HistogramAMI(y,3,'std1',2)
257,CO_HistogramAMI(y,3,'std1',4)
258,CO_HistogramAMI(y,3,'std1',6)
259,CO_HistogramAMI(y,3,'std1',8)
260,CO_HistogramAMI(y,3,'std1',10)
261,CO_HistogramAMI(y,3,'std1',20)
262,CO_HistogramAMI(y,4,'std1',2)
263,CO_HistogramAMI(y,4,'std1',4)
264,CO_HistogramAMI(y,4,'std1',6)
265,CO_HistogramAMI(y,4,'std1',8)
266,CO_HistogramAMI(y,4,'std1',10)
267,CO_HistogramAMI(y,4,'std1',20)
268,CO_HistogramAMI(y,5,'std1',2)
269,CO_HistogramAMI(y,5,'std1',4)
270,CO_HistogramAMI(y,5,'std1',6)
271,CO_HistogramAMI(y,5,'std1',8)
272,CO_HistogramAMI(y,5,'std1',10)
273,CO_HistogramAMI(y,5,'std1',20)
274,CO_HistogramAMI(y,1,'std2',2)
275,CO_HistogramAMI(y,1,'std2',4)
276,CO_HistogramAMI(y,1,'std2',6)
277,CO_HistogramAMI(y,1,'std2',8)
278,CO_HistogramAMI(y,1,'std2',10)
279,CO_HistogramAMI(y,1,'std2',20)
280,CO_HistogramAMI(y,2,'std2',2)
281,CO_HistogramAMI(y,2,'std2',4)
282,CO_HistogramAMI(y,2,'std2',6)
283,CO_HistogramAMI(y,2,'std2',8)
284,CO_HistogramAMI(y,2,'std2',10)
285,CO_HistogramAMI(y,2,'std2',20)
286,CO_HistogramAMI(y,3,'std2',2)
287,CO_HistogramAMI(y,3,'std2',4)
288,CO_HistogramAMI(y,3,'std2',6)
289,CO_HistogramAMI(y,3,'std2',8)
290,CO_HistogramAMI(y,3,'std2',10)
291,CO_HistogramAMI(y,3,'std2',20)
292,CO_HistogramAMI(y,4,'std2',2)
293,CO_HistogramAMI(y,4,'std2',4)
294,CO_HistogramAMI(y,4,'std2',6)
295,CO_HistogramAMI(y,4,'std2',8)
296,CO_HistogramAMI(y,4,'std2',10)
297,CO_HistogramAMI(y,4,'std2',20)
298,CO_HistogramAMI(y,5,'std2',2)
299,CO_HistogramAMI(y,5,'std2',4)
300,CO_HistogramAMI(y,5,'std2',6)
301,CO_HistogramAMI(y,5,'std2',8)
302,CO_HistogramAMI(y,5,'std2',10)
303,CO_HistogramAMI(y,5,'std2',20)
304,CO_HistogramAMI(y,1,'even',2)
305,CO_HistogramAMI(y,1,'even',4)
306,CO_HistogramAMI(y,1,'even',6)
307,CO_HistogramAMI(y,1,'even',8)
308,CO_HistogramAMI(y,1,'even',10)
309,CO_HistogramAMI(y,1,'even',20)
310,CO_HistogramAMI(y,2,'even',2)
311,CO_HistogramAMI(y,2,'even',4)
312,CO_HistogramAMI(y,2,'even',6)
313,CO_HistogramAMI(y,2,'even',8)
314,CO_HistogramAMI(y,2,'even',10)
315,CO_HistogramAMI(y,2,'even',20)
316,CO_HistogramAMI(y,3,'even',2)
317,CO_HistogramAMI(y,3,'even',4)
318,CO_HistogramAMI(y,3,'even',6)
319,CO_HistogramAMI(y,3,'even',8)
320,CO_HistogramAMI(y,3,'even',10)
321,CO_HistogramAMI(y,3,'even',20)
322,CO_HistogramAMI(y,4,'even',2)
323,CO_HistogramAMI(y,4,'even',4)
324,CO_HistogramAMI(y,4,'even',6)
325,CO_HistogramAMI(y,4,'even',8)
326,CO_HistogramAMI(y,4,'even',10)
327,CO_HistogramAMI(y,4,'even',20)
328,CO_HistogramAMI(y,5,'even',2)
329,CO_HistogramAMI(y,5,'even',4)
330,CO_HistogramAMI(y,5,'even',6)
331,CO_HistogramAMI(y,5,'even',8)
332,CO_HistogramAMI(y,5,'even',10)
333,CO_HistogramAMI(y,5,'even',20)
334,CO_HistogramAMI(y,1,'quantiles',2)
335,CO_HistogramAMI(y,1,'quantiles',4)
336,CO_HistogramAMI(y,1,'quantiles',6)
337,CO_HistogramAMI(y,1,'quantiles',8)
338,CO_HistogramAMI(y,1,'quantiles',10)
339,CO_HistogramAMI(y,1,'quantiles',20)
340,CO_HistogramAMI(y,2,'quantiles',2)
341,CO_HistogramAMI(y,2,'quantiles',4)
342,CO_HistogramAMI(y,2,'quantiles',6)
343,CO_HistogramAMI(y,2,'quantiles',8)
344,CO_HistogramAMI(y,2,'quantiles',10)
345,CO_HistogramAMI(y,2,'quantiles',20)
346,CO_HistogramAMI(y,3,'quantiles',2)
347,CO_HistogramAMI(y,3,'quantiles',4)
348,CO_HistogramAMI(y,3,'quantiles',6)
349,CO_HistogramAMI(y,3,'quantiles',8)
350,CO_HistogramAMI(y,3,'quantiles',10)
351,CO_HistogramAMI(y,3,'quantiles',20)
352,CO_HistogramAMI(y,4,'quantiles',2)
353,CO_HistogramAMI(y,4,'quantiles',4)
354,CO_HistogramAMI(y,4,'quantiles',6)
355,CO_HistogramAMI(y,4,'quantiles',8)
356,CO_HistogramAMI(y,4,'quantiles',10)
357,CO_HistogramAMI(y,4,'quantiles',20)
358,CO_HistogramAMI(y,5,'quantiles',2)
359,CO_HistogramAMI(y,5,'quantiles',4)
360,CO_HistogramAMI(y,5,'quantiles',6)
361,CO_HistogramAMI(y,5,'quantiles',8)
362,CO_HistogramAMI(y,5,'quantiles',10)
363,CO_HistogramAMI(y,5,'quantiles',20)
364,CO_glscf(y,1,1,1)
365,CO_glscf(y,1,1,2)
366,CO_glscf(y,1,1,3)
367,CO_glscf(y,1,1,4)
368,CO_glscf(y,1,1,5)
369,CO_glscf(y,1,1,'tau')
370,CO_glscf(y,1,2,1)
371,CO_glscf(y,1,2,2)
372,CO_glscf(y,1,2,3)
373,CO_glscf(y,1,2,4)
374,CO_glscf(y,1,2,5)
375,CO_glscf(y,1,2,'tau')
376,CO_glscf(y,1,5,1)
377,CO_glscf(y,1,5,2)
378,CO_glscf(y,1,5,3)
379,CO_glscf(y,1,5,4)
380,CO_glscf(y,1,5,5)
381,CO_glscf(y,1,5,'tau')
382,CO_glscf(y,1,10,1)
383,CO_glscf(y,1,10,2)
384,CO_glscf(y,1,10,3)
385,CO_glscf(y,1,10,4)
386,CO_glscf(y,1,10,5)
387,CO_glscf(y,1,10,'tau')
388,CO_glscf(y,2,2,1)
389,CO_glscf(y,2,2,2)
390,CO_glscf(y,2,2,3)
391,CO_glscf(y,2,2,4)
392,CO_glscf(y,2,2,5)
393,CO_glscf(y,2,2,'tau')
394,CO_glscf(y,2,5,1)
395,CO_glscf(y,2,5,2)
396,CO_glscf(y,2,5,3)
397,CO_glscf(y,2,5,4)
398,CO_glscf(y,2,5,5)
399,CO_glscf(y,2,5,'tau')
400,CO_fzcglscf(y,1,1)
401,CO_fzcglscf(y,1,2)
402,CO_fzcglscf(y,1,3)
403,CO_fzcglscf(y,1,4)
404,CO_fzcglscf(y,1,5)
405,CO_fzcglscf(y,1,6)
406,CO_fzcglscf(y,1,7)
407,CO_fzcglscf(y,1,8)
408,CO_fzcglscf(y,1,9)
409,CO_fzcglscf(y,1,10)
410,CO_fzcglscf(y,2,2)
411,CO_fzcglscf(y,2,5)
412,CO_fzcglscf(y,2,10)
413,CO_fzcglscf(y,5,5)
414,CO_fzcglscf(y,5,10)
415,CO_fzcglscf(y,10,10)
416,DT_IsSeasonal(y)
417,SY_StatAv(y,'seg',2)
418,SY_StatAv(y,'seg',3)
419,SY_StatAv(y,'seg',4)
420,SY_StatAv(y,'seg',5)
421,SY_StatAv(y,'seg',6)
422,SY_StatAv(y,'seg',7)
423,SY_StatAv(y,'seg',8)
424,SY_StatAv(y,'seg',9)
425,SY_StatAv(y,'seg',10)
426,SY_StatAv(y,'len',25)
427,SY_StatAv(y,'len',50)
428,SY_StatAv(y,'len',100)
429,SY_StatAv(y,'len',150)
430,SY_StatAv(y,'len',200)
431,SY_StatAv(y,'len',250)
432,SY_StatAv(y,'len',500)
433,SY_StatAv(y,'len',1000)
434,SY_StatAv(y,'len',2000)
435,SY_SlidingWindow(y,'mean','std',2,1)
436,SY_SlidingWindow(y,'mean','std',2,2)
437,SY_SlidingWindow(y,'mean','std',2,10)
438,SY_SlidingWindow(y,'mean','std',5,1)
439,SY_SlidingWindow(y,'mean','std',5,2)
440,SY_SlidingWindow(y,'mean','std',5,10)
441,SY_SlidingWindow(y,'mean','std',10,1)
442,SY_SlidingWindow(y,'mean','std',10,2)
443,SY_SlidingWindow(y,'mean','std',10,10)
444,SY_SlidingWindow(y,'mean','apen',2,1)
445,SY_SlidingWindow(y,'mean','apen',2,2)
446,SY_SlidingWindow(y,'mean','apen',2,10)
447,SY_SlidingWindow(y,'mean','apen',5,1)
448,SY_SlidingWindow(y,'mean','apen',5,2)
449,SY_SlidingWindow(y,'mean','apen',5,10)
450,SY_SlidingWindow(y,'mean','apen',10,1)
451,SY_SlidingWindow(y,'mean','apen',10,2)
452,SY_SlidingWindow(y,'mean','apen',10,10)
453,SY_SlidingWindow(y,'mean','ent',2,1)
454,SY_SlidingWindow(y,'mean','ent',2,2)
455,SY_SlidingWindow(y,'mean','ent',2,10)
456,SY_SlidingWindow(y,'mean','ent',5,1)
457,SY_SlidingWindow(y,'mean','ent',5,2)
458,SY_SlidingWindow(y,'mean','ent',5,10)
459,SY_SlidingWindow(y,'mean','ent',10,1)
460,SY_SlidingWindow(y,'mean','ent',10,2)
461,SY_SlidingWindow(y,'mean','ent',10,10)
462,SY_SlidingWindow(y,'std','std',2,1)
463,SY_SlidingWindow(y,'std','std',2,2)
464,SY_SlidingWindow(y,'std','std',2,10)
465,SY_SlidingWindow(y,'std','std',5,1)
466,SY_SlidingWindow(y,'std','std',5,2)
467,SY_SlidingWindow(y,'std','std',5,10)
468,SY_SlidingWindow(y,'std','std',10,1)
469,SY_SlidingWindow(y,'std','std',10,2)
470,SY_SlidingWindow(y,'std','std',10,10)
471,SY_SlidingWindow(y,'std','apen',2,1)
472,SY_SlidingWindow(y,'std','apen',2,2)
473,SY_SlidingWindow(y,'std','apen',2,10)
474,SY_SlidingWindow(y,'std','apen',5,1)
475,SY_SlidingWindow(y,'std','apen',5,2)
476,SY_SlidingWindow(y,'std','apen',5,10)
477,SY_SlidingWindow(y,'std','apen',10,1)
478,SY_SlidingWindow(y,'std','apen',10,2)
479,SY_SlidingWindow(y,'std','apen',10,10)
480,SY_SlidingWindow(y,'std','ent',2,1)
481,SY_SlidingWindow(y,'std','ent',2,2)
482,SY_SlidingWindow(y,'std','ent',2,10)
483,SY_SlidingWindow(y,'std','ent',5,1)
484,SY_SlidingWindow(y,'std','ent',5,2)
485,SY_SlidingWindow(y,'std','ent',5,10)
486,SY_SlidingWindow(y,'std','ent',10,1)
487,SY_SlidingWindow(y,'std','ent',10,2)
488,SY_SlidingWindow(y,'std','ent',10,10)
489,SY_SlidingWindow(y,'ent','std',2,1)
490,SY_SlidingWindow(y,'ent','std',2,2)
491,SY_SlidingWindow(y,'ent','std',2,10)
492,SY_SlidingWindow(y,'ent','std',5,1)
493,SY_SlidingWindow(y,'ent','std',5,2)
494,SY_SlidingWindow(y,'ent','std',5,10)
495,SY_SlidingWindow(y,'ent','std',10,1)
496,SY_SlidingWindow(y,'ent','std',10,2)
497,SY_SlidingWindow(y,'ent','std',10,10)
498,SY_SlidingWindow(y,'ent','apen',2,1)
499,SY_SlidingWindow(y,'ent','apen',2,2)
500,SY_SlidingWindow(y,'ent','apen',2,10)
501,SY_SlidingWindow(y,'ent','apen',5,1)
502,SY_SlidingWindow(y,'ent','apen',5,2)
503,SY_SlidingWindow(y,'ent','apen',5,10)
504,SY_SlidingWindow(y,'ent','apen',10,1)
505,SY_SlidingWindow(y,'ent','apen',10,2)
506,SY_SlidingWindow(y,'ent','apen',10,10)
507,SY_SlidingWindow(y,'ent','ent',2,1)
508,SY_SlidingWindow(y,'ent','ent',2,2)
509,SY_SlidingWindow(y,'ent','ent',2,10)
510,SY_SlidingWindow(y,'ent','ent',5,1)
511,SY_SlidingWindow(y,'ent','ent',5,2)
512,SY_SlidingWindow(y,'ent','ent',5,10)
513,SY_SlidingWindow(y,'ent','ent',10,1)
514,SY_SlidingWindow(y,'ent','ent',10,2)
515,SY_SlidingWindow(y,'ent','ent',10,10)
516,SY_SlidingWindow(y,'apen','std',2,1)
517,SY_SlidingWindow(y,'apen','std',2,2)
518,SY_SlidingWindow(y,'apen','std',2,10)
519,SY_SlidingWindow(y,'apen','std',5,1)
520,SY_SlidingWindow(y,'apen','std',5,2)
521,SY_SlidingWindow(y,'apen','std',5,10)
522,SY_SlidingWindow(y,'apen','std',10,1)
523,SY_SlidingWindow(y,'apen','std',10,2)
524,SY_SlidingWindow(y,'apen','std',10,10)
525,SY_SlidingWindow(y,'apen','apen',2,1)
526,SY_SlidingWindow(y,'apen','apen',2,2)
527,SY_SlidingWindow(y,'apen','apen',2,10)
528,SY_SlidingWindow(y,'apen','apen',5,1)
529,SY_SlidingWindow(y,'apen','apen',5,2)
530,SY_SlidingWindow(y,'apen','apen',5,10)
531,SY_SlidingWindow(y,'apen','apen',10,1)
532,SY_SlidingWindow(y,'apen','apen',10,2)
533,SY_SlidingWindow(y,'apen','apen',10,10)
534,SY_SlidingWindow(y,'apen','ent',2,1)
535,SY_SlidingWindow(y,'apen','ent',2,2)
536,SY_SlidingWindow(y,'apen','ent',2,10)
537,SY_SlidingWindow(y,'apen','ent',5,1)
538,SY_SlidingWindow(y,'apen','ent',5,2)
539,SY_SlidingWindow(y,'apen','ent',5,10)
540,SY_SlidingWindow(y,'apen','ent',10,1)
541,SY_SlidingWindow(y,'apen','ent',10,2)
542,SY_SlidingWindow(y,'apen','ent',10,10)
543,SY_SlidingWindow(y,'mom3','std',2,1)
544,SY_SlidingWindow(y,'mom3','std',2,2)
545,SY_SlidingWindow(y,'mom3','std',2,10)
546,SY_SlidingWindow(y,'mom3','std',5,1)
547,SY_SlidingWindow(y,'mom3','std',5,2)
548,SY_SlidingWindow(y,'mom3','std',5,10)
549,SY_SlidingWindow(y,'mom3','std',10,1)
550,SY_SlidingWindow(y,'mom3','std',10,2)
551,SY_SlidingWindow(y,'mom3','std',10,10)
552,SY_SlidingWindow(y,'mom3','apen',2,1)
553,SY_SlidingWindow(y,'mom3','apen',2,2)
554,SY_SlidingWindow(y,'mom3','apen',2,10)
555,SY_SlidingWindow(y,'mom3','apen',5,1)
556,SY_SlidingWindow(y,'mom3','apen',5,2)
557,SY_SlidingWindow(y,'mom3','apen',5,10)
558,SY_SlidingWindow(y,'mom3','apen',10,1)
559,SY_SlidingWindow(y,'mom3','apen',10,2)
560,SY_SlidingWindow(y,'mom3','apen',10,10)
561,SY_SlidingWindow(y,'mom3','ent',2,1)
562,SY_SlidingWindow(y,'mom3','ent',2,2)
563,SY_SlidingWindow(y,'mom3','ent',2,10)
564,SY_SlidingWindow(y,'mom3','ent',5,1)
565,SY_SlidingWindow(y,'mom3','ent',5,2)
566,SY_SlidingWindow(y,'mom3','ent',5,10)
567,SY_SlidingWindow(y,'mom3','ent',10,1)
568,SY_SlidingWindow(y,'mom3','ent',10,2)
569,SY_SlidingWindow(y,'mom3','ent',10,10)
570,SY_SlidingWindow(y,'mom4','std',2,1)
571,SY_SlidingWindow(y,'mom4','std',2,2)
572,SY_SlidingWindow(y,'mom4','std',2,10)
573,SY_SlidingWindow(y,'mom4','std',5,1)
574,SY_SlidingWindow(y,'mom4','std',5,2)
575,SY_SlidingWindow(y,'mom4','std',5,10)
576,SY_SlidingWindow(y,'mom4','std',10,1)
577,SY_SlidingWindow(y,'mom4','std',10,2)
578,SY_SlidingWindow(y,'mom4','std',10,10)
579,SY_SlidingWindow(y,'mom4','apen',2,1)
580,SY_SlidingWindow(y,'mom4','apen',2,2)
581,SY_SlidingWindow(y,'mom4','apen',2,10)
582,SY_SlidingWindow(y,'mom4','apen',5,1)
583,SY_SlidingWindow(y,'mom4','apen',5,2)
584,SY_SlidingWindow(y,'mom4','apen',5,10)
585,SY_SlidingWindow(y,'mom4','apen',10,1)
586,SY_SlidingWindow(y,'mom4','apen',10,2)
587,SY_SlidingWindow(y,'mom4','apen',10,10)
588,SY_SlidingWindow(y,'mom4','ent',2,1)
589,SY_SlidingWindow(y,'mom4','ent',2,2)
590,SY_SlidingWindow(y,'mom4','ent',2,10)
591,SY_SlidingWindow(y,'mom4','ent',5,1)
592,SY_SlidingWindow(y,'mom4','ent',5,2)
593,SY_SlidingWindow(y,'mom4','ent',5,10)
594,SY_SlidingWindow(y,'mom4','ent',10,1)
595,SY_SlidingWindow(y,'mom4','ent',10,2)
596,SY_SlidingWindow(y,'mom4','ent',10,10)
597,SY_SlidingWindow(y,'lillie','std',2,1)
598,SY_SlidingWindow(y,'lillie','std',2,2)
599,SY_SlidingWindow(y,'lillie','std',2,10)
600,SY_SlidingWindow(y,'lillie','std',5,1)
601,SY_SlidingWindow(y,'lillie','std',5,2)
602,SY_SlidingWindow(y,'lillie','std',5,10)
603,SY_SlidingWindow(y,'lillie','std',10,1)
604,SY_SlidingWindow(y,'lillie','std',10,2)
605,SY_SlidingWindow(y,'lillie','std',10,10)
606,SY_SlidingWindow(y,'lillie','apen',2,1)
607,SY_SlidingWindow(y,'lillie','apen',2,2)
608,SY_SlidingWindow(y,'lillie','apen',2,10)
609,SY_SlidingWindow(y,'lillie','apen',5,1)
610,SY_SlidingWindow(y,'lillie','apen',5,2)
611,SY_SlidingWindow(y,'lillie','apen',5,10)
612,SY_SlidingWindow(y,'lillie','apen',10,1)
613,SY_SlidingWindow(y,'lillie','apen',10,2)
614,SY_SlidingWindow(y,'lillie','apen',10,10)
615,SY_SlidingWindow(y,'lillie','ent',2,1)
616,SY_SlidingWindow(y,'lillie','ent',2,2)
617,SY_SlidingWindow(y,'lillie','ent',2,10)
618,SY_SlidingWindow(y,'lillie','ent',5,1)
619,SY_SlidingWindow(y,'lillie','ent',5,2)
620,SY_SlidingWindow(y,'lillie','ent',5,10)
621,SY_SlidingWindow(y,'lillie','ent',10,1)
622,SY_SlidingWindow(y,'lillie','ent',10,2)
623,SY_SlidingWindow(y,'lillie','ent',10,10)
624,SY_SlidingWindow(y,'AC1','std',2,1)
625,SY_SlidingWindow(y,'AC1','std',2,2)
626,SY_SlidingWindow(y,'AC1','std',2,10)
627,SY_SlidingWindow(y,'AC1','std',5,1)
628,SY_SlidingWindow(y,'AC1','std',5,2)
629,SY_SlidingWindow(y,'AC1','std',5,10)
630,SY_SlidingWindow(y,'AC1','std',10,1)
631,SY_SlidingWindow(y,'AC1','std',10,2)
632,SY_SlidingWindow(y,'AC1','std',10,10)
633,SY_SlidingWindow(y,'AC1','apen',2,1)
634,SY_SlidingWindow(y,'AC1','apen',2,2)
635,SY_SlidingWindow(y,'AC1','apen',2,10)
636,SY_SlidingWindow(y,'AC1','apen',5,1)
637,SY_SlidingWindow(y,'AC1','apen',5,2)
638,SY_SlidingWindow(y,'AC1','apen',5,10)
639,SY_SlidingWindow(y,'AC1','apen',10,1)
640,SY_SlidingWindow(y,'AC1','apen',10,2)
641,SY_SlidingWindow(y,'AC1','apen',10,10)
642,SY_SlidingWindow(y,'AC1','ent',2,1)
643,SY_SlidingWindow(y,'AC1','ent',2,2)
644,SY_SlidingWindow(y,'AC1','ent',2,10)
645,SY_SlidingWindow(y,'AC1','ent',5,1)
646,SY_SlidingWindow(y,'AC1','ent',5,2)
647,SY_SlidingWindow(y,'AC1','ent',5,10)
648,SY_SlidingWindow(y,'AC1','ent',10,1)
649,SY_SlidingWindow(y,'AC1','ent',10,2)
650,SY_SlidingWindow(y,'AC1','ent',10,10)
651,SY_LinearTrend(x)
654,SY_StdNthDer(y,1)
655,SY_StdNthDer(y,2)
656,SY_StdNthDer(y,3)
657,SY_StdNthDer(y,4)
658,SY_StdNthDer(y,5)
659,SY_StdNthDer(y,6)
660,SY_StdNthDer(y,7)
661,SY_StdNthDer(y,8)
662,SY_StdNthDer(y,9)
663,SY_StdNthDer(y,10)
664,SY_LocalDistributions(y,2,'each')
665,SY_LocalGlobal(y,'l',10)
666,SY_LocalGlobal(y,'l',20)
667,SY_LocalGlobal(y,'l',50)
668,SY_LocalGlobal(y,'l',100)
669,SY_LocalGlobal(y,'l',500)
670,SY_LocalGlobal(y,'p',0.001)
671,SY_LocalGlobal(y,'p',0.005)
672,SY_LocalGlobal(y,'p',0.01)
673,SY_LocalGlobal(y,'p',0.1)
674,SY_LocalGlobal(y,'p',0.5)
675,SY_LocalGlobal(y,'unicg',10)
676,SY_LocalGlobal(y,'unicg',20)
677,SY_LocalGlobal(y,'unicg',50)
678,SY_LocalGlobal(y,'unicg',100)
679,SY_LocalGlobal(y,'unicg',500)
680,SY_LocalGlobal(y,'randcg',10)
681,SY_LocalGlobal(y,'randcg',20)
682,SY_LocalGlobal(y,'randcg',50)
683,SY_LocalGlobal(y,'randcg',100)
684,SY_LocalGlobal(y,'randcg',500)
685,EN_wentropy(y,'shannon')
686,EN_Shannonpdf(y)
687,EN_wentropy(y,'logenergy')
688,EN_wentropy(y,'threshold',0.1)
689,EN_wentropy(y,'threshold',0.2)
690,EN_wentropy(y,'threshold',0.5)
691,EN_wentropy(y,'threshold',1)
692,EN_wentropy(y,'threshold',1.5)
693,EN_wentropy(y,'threshold',2)
694,EN_wentropy(y,'sure',0.1)
695,EN_wentropy(y,'sure',0.2)
696,EN_wentropy(y,'sure',0.5)
697,EN_wentropy(y,'sure',1)
698,EN_wentropy(y,'sure',1.5)
699,EN_wentropy(y,'sure',2)
700,EN_RM_entropy(y)
701,EN_DistributionEntropy(y,'ks',0.01,0)
702,EN_DistributionEntropy(y,'ks',0.05,0)
703,EN_DistributionEntropy(y,'ks',0.1,0)
704,EN_DistributionEntropy(y,'ks',0.2,0)
705,EN_DistributionEntropy(y,'ks',0.5,0)
706,EN_DistributionEntropy(y,'ks',1,0)
707,EN_DistributionEntropy(y,'ks',[],0.01)
708,EN_DistributionEntropy(y,'ks',[],0.02)
709,EN_DistributionEntropy(y,'ks',[],0.05)
710,EN_DistributionEntropy(y,'ks',[],0.1)
711,EN_DistributionEntropy(y,'ks',[],0.2)
712,EN_DistributionEntropy(y,'ks',[],0.3)
713,EN_DistributionEntropy(x,'ks',0.01,0)
714,EN_DistributionEntropy(x,'ks',0.05,0)
715,EN_DistributionEntropy(x,'ks',0.1,0)
716,EN_DistributionEntropy(x,'ks',0.2,0)
717,EN_DistributionEntropy(x,'ks',0.5,0)
718,EN_DistributionEntropy(x,'ks',1,0)
719,EN_DistributionEntropy(x,'ks',[],0.01)
720,EN_DistributionEntropy(x,'ks',[],0.02)
721,EN_DistributionEntropy(x,'ks',[],0.05)
722,EN_DistributionEntropy(x,'ks',[],0.1)
723,EN_DistributionEntropy(x,'ks',[],0.2)
724,EN_DistributionEntropy(x,'ks',[],0.3)
725,EN_DistributionEntropy(y,'hist',5,0)
726,EN_DistributionEntropy(y,'hist',10,0)
727,EN_DistributionEntropy(y,'hist',20,0)
728,EN_DistributionEntropy(y,'hist',50,0)
729,EN_DistributionEntropy(y,'hist',10,0.01)
730,EN_DistributionEntropy(y,'hist',10,0.02)
731,EN_DistributionEntropy(y,'hist',10,0.05)
732,EN_DistributionEntropy(y,'hist',10,0.1)
733,EN_DistributionEntropy(y,'hist',10,0.2)
734,EN_DistributionEntropy(y,'hist',10,0.3)
735,SB_BinaryStretch(y,'lseq1')
736,SB_BinaryStretch(y,'lseq0')
737,EN_ApEn(y,1,0.1)
738,EN_ApEn(y,1,0.2)
739,EN_ApEn(y,2,0.1)
740,EN_ApEn(y,2,0.2)
741,EN_PermEn(y,2)
742,EN_PermEn(y,3)
743,EN_PermEn(y,4)
744,EN_PermEn(y,5)
745,EN_TSentropy(y,0.2)
746,EN_TSentropy(y,0.4)
747,EN_TSentropy(y,0.6)
748,EN_TSentropy(y,0.8)
749,EN_TSentropy(y,1)
750,EN_TSentropy(y,1.5)
751,EN_TSentropy(y,2)
752,EN_TSentropy(y,2.5)
753,EN_TSentropy(y,3)
754,EN_TSentropy(y,3.5)
755,EN_TSentropy(y,4)
756,EN_TSentropy(y,4.5)
757,EN_TSentropy(y,5)
758,EN_TSentropy(y,5.5)
759,DN_Fit_mle(x,'gaussian')
760,DN_Fit_mle(y,'geometric')
761,DN_nlogL_norm(y)
762,DN_FitKernelSmooth(x,'numcross',[0.05,0.1,0.2,0.3,0.4,0.5],'area',[0.05,0.1,0.2,0.3,0.4,0.5],'arclength',[0.1,0.5,1,2])
763,DN_FitKernelSmooth(y)
764,DN_Compare_zscore(x)
765,DK_timerev(y,1)
766,DK_timerev(y,2)
767,DK_timerev(y,3)
768,DK_timerev(y,4)
769,HT_HypothesisTest(y,'signtest')
770,HT_HypothesisTest(y,'runstest')
771,HT_HypothesisTest(x,'runstest')
772,HT_HypothesisTest(y,'lbq')
773,HT_HypothesisTest(x,'lbq')
775,HT_HypothesisTest(y,'ztest')
776,HT_HypothesisTest(y,'signrank')
777,HT_HypothesisTest(x,'jbtest')
778,HT_DistributionTest(x,'chi2gof','norm',5)
779,HT_DistributionTest(x,'chi2gof','norm',10)
780,HT_DistributionTest(x,'chi2gof','norm',25)
781,HT_DistributionTest(x,'chi2gof','norm',50)
782,HT_DistributionTest(x,'chi2gof','norm',100)
783,HT_DistributionTest(x,'chi2gof','ev',5)
784,HT_DistributionTest(x,'chi2gof','ev',10)
785,HT_DistributionTest(x,'chi2gof','ev',25)
786,HT_DistributionTest(x,'chi2gof','ev',50)
787,HT_DistributionTest(x,'chi2gof','ev',100)
788,HT_DistributionTest(x,'chi2gof','uni',5)
789,HT_DistributionTest(x,'chi2gof','uni',10)
790,HT_DistributionTest(x,'chi2gof','uni',25)
791,HT_DistributionTest(x,'chi2gof','uni',50)
792,HT_DistributionTest(x,'chi2gof','uni',100)
793,HT_DistributionTest(x,'chi2gof','beta',5)
794,HT_DistributionTest(x,'chi2gof','beta',10)
795,HT_DistributionTest(x,'chi2gof','beta',25)
796,HT_DistributionTest(x,'chi2gof','beta',50)
797,HT_DistributionTest(x,'chi2gof','beta',100)
798,HT_DistributionTest(x,'chi2gof','rayleigh',5)
799,HT_DistributionTest(x,'chi2gof','rayleigh',10)
800,HT_DistributionTest(x,'chi2gof','rayleigh',25)
801,HT_DistributionTest(x,'chi2gof','rayleigh',50)
802,HT_DistributionTest(x,'chi2gof','rayleigh',100)
803,HT_DistributionTest(x,'chi2gof','exp',5)
804,HT_DistributionTest(x,'chi2gof','exp',10)
805,HT_DistributionTest(x,'chi2gof','exp',25)
806,HT_DistributionTest(x,'chi2gof','exp',50)
807,HT_DistributionTest(x,'chi2gof','exp',100)
808,HT_DistributionTest(x,'chi2gof','gamma',5)
809,HT_DistributionTest(x,'chi2gof','gamma',10)
810,HT_DistributionTest(x,'chi2gof','gamma',25)
811,HT_DistributionTest(x,'chi2gof','gamma',50)
812,HT_DistributionTest(x,'chi2gof','gamma',100)
813,HT_DistributionTest(x,'chi2gof','logn',5)
814,HT_DistributionTest(x,'chi2gof','logn',10)
815,HT_DistributionTest(x,'chi2gof','logn',25)
816,HT_DistributionTest(x,'chi2gof','logn',50)
817,HT_DistributionTest(x,'chi2gof','logn',100)
818,HT_DistributionTest(x,'chi2gof','wbl',5)
819,HT_DistributionTest(x,'chi2gof','wbl',10)
820,HT_DistributionTest(x,'chi2gof','wbl',25)
821,HT_DistributionTest(x,'chi2gof','wbl',50)
822,HT_DistributionTest(x,'chi2gof','wbl',100)
823,HT_DistributionTest(x,'ks','norm')
824,HT_DistributionTest(x,'ks','ev')
825,HT_DistributionTest(x,'ks','uni')
826,HT_DistributionTest(x,'ks','beta')
827,HT_DistributionTest(x,'ks','rayleigh')
828,HT_DistributionTest(x,'ks','exp')
829,HT_DistributionTest(x,'ks','gamma')
830,HT_DistributionTest(x,'ks','logn')
831,HT_DistributionTest(x,'ks','wbl')
832,HT_DistributionTest(x,'lillie','norm')
833,HT_DistributionTest(x,'lillie','ev')
834,HT_DistributionTest(x,'lillie','exp')
835,DK_quickde(y,1,1)
836,DK_quickde(y,2,1)
837,DK_quickde(y,3,1)
838,DK_quickde(y,4,1)
839,DK_quickde(y,5,1)
840,DK_quickde(y,1,2)
841,DK_quickde(y,2,2)
842,DK_quickde(y,3,2)
843,DK_quickde(y,4,2)
844,DK_quickde(y,5,2)
845,CO_TSTL_AutoCorrMethod(y)
846,NL_TSTL_TakensEstimator(y,-1,0.05,0.05,{1,8})
847,NL_TSTL_TakensEstimator(y,-1,0.05,0.05,{1,3})
848,NL_TSTL_TakensEstimator(y,-1,0.05,0.05,{'ac',8})
849,NL_TSTL_TakensEstimator(y,-1,0.05,0.05,{'ac',3})
850,NL_TSTL_TakensEstimator(y,-1,0.05,0.05,{'mi',8})
851,NL_TSTL_TakensEstimator(y,-1,0.05,0.05,{'mi',3})
852,NL_TSTL_TakensEstimator(y,-1,0.05,0.05,{'mi','cao'})
853,NL_TSTL_TakensEstimator(y,-1,0.05,0.05,{'mi','fnnmar'})
854,NL_TSTL_TakensEstimator(y,-1,0.1,0.05,{1,10})
855,DN_OutlierTest(y,2)
856,DN_OutlierTest(y,5)
857,DN_OutlierTest(y,10)
858,ST_FitPolynomial(x,1)
859,ST_FitPolynomial(x,2)
860,ST_FitPolynomial(x,3)
861,ST_FitPolynomial(x,4)
862,ST_FitPolynomial(x,5)
863,ST_FitPolynomial(x,6)
864,ST_FitPolynomial(x,7)
865,ST_FitPolynomial(x,8)
866,ST_FitPolynomial(x,9)
867,ST_FitPolynomial(x,10)
868,DK_crinkle(y)
869,DK_theilerQ(y)
878,NL_MS_LZcomplexity(y,2,[])
879,NL_MS_LZcomplexity(y,3,[])
880,NL_MS_LZcomplexity(y,4,[])
881,NL_MS_LZcomplexity(y,5,[])
882,NL_MS_LZcomplexity(y,6,[])
883,NL_MS_LZcomplexity(y,7,[])
884,NL_MS_LZcomplexity(y,8,[])
885,NL_MS_LZcomplexity(y,9,[])
886,NL_MS_LZcomplexity(y,10,[])
887,NL_MS_LZcomplexity(y,2,'diff')
888,NL_MS_LZcomplexity(y,3,'diff')
889,NL_MS_LZcomplexity(y,4,'diff')
890,NL_MS_LZcomplexity(y,5,'diff')
891,NL_MS_LZcomplexity(y,6,'diff')
892,NL_MS_LZcomplexity(y,7,'diff')
893,NL_MS_LZcomplexity(y,8,'diff')
894,NL_MS_LZcomplexity(y,9,'diff')
895,NL_MS_LZcomplexity(y,10,'diff')
896,EN_MS_shannon(y,2,2)
897,EN_MS_shannon(y,2,3)
898,EN_MS_shannon(y,3,2)
899,MD_polvar(y,1,3)
900,MD_polvar(y,0.5,3)
901,MD_polvar(y,0.1,3)
902,MD_polvar(y,1,5)
903,MD_polvar(y,0.5,5)
904,MD_polvar(y,0.1,5)
905,MD_polvar(y,1,4)
906,MD_polvar(y,0.5,4)
907,MD_polvar(y,0.1,4)
908,MD_polvar(y,1,6)
909,MD_polvar(y,0.5,6)
910,MD_polvar(y,0.1,6)
911,CO_tc3(y,1)
912,CO_tc3(y,2)
913,CO_tc3(y,3)
914,CO_tc3(y,'ac')
915,CO_tc3(y,'mi')
916,CO_trev(y,1)
917,CO_trev(y,2)
918,CO_trev(y,3)
919,CO_trev(y,'ac')
920,CO_trev(y,'mi')
921,CO_TSTL_amutual(y,20,[])
922,CO_TSTL_amutual(y,20,10)
923,CO_TSTL_amutual2(y,50)
924,CO_TSTL_amutual2(diff(y),50)
925,CO_CompareMinAMI(y,'std1',[2:80])
926,CO_CompareMinAMI(y,'quantiles',[2:80])
927,CO_CompareMinAMI(y,'even',[2:80])
928,CO_CompareMinAMI(y,'std2',[2:80])
929,CO_AddNoise(y,1,'quantiles',10)
930,CO_AddNoise(y,2,'quantiles',10)
931,CO_AddNoise(y,1,'quantiles',20)
932,CO_AddNoise(y,2,'quantiles',20)
933,CO_AddNoise(y,1,'std1',10)
934,SB_TransitionMatrix(y,'quantile',2,1)
935,SB_TransitionMatrix(y,'quantile',3,1)
936,SB_TransitionMatrix(y,'quantile',4,1)
937,SB_TransitionMatrix(y,'quantile',5,1)
938,SB_TransitionMatrix(y,'quantile',2,'ac')
939,SB_TransitionMatrix(y,'quantile',3,'ac')
940,SB_TransitionMatrix(y,'quantile',4,'ac')
941,SB_TransitionMatrix(y,'quantile',5,'ac')
942,SB_TransitionpAlphabet(y,2:40,1)
943,SB_TransitionpAlphabet(y,2:20,'ac')
944,CO_AutoCorrShape(y)
945,CO_Embed2_Basic(y,1)
946,CO_Embed2_Basic(y,'tau')
947,PD_PeriodicityWang(y)
948,PH_ForcePotential(y,'dblwell',[1,0.2,0.1])
949,PH_ForcePotential(y,'dblwell',[1,0.5,0.2])
950,PH_ForcePotential(y,'dblwell',[2,0.05,0.2])
951,PH_ForcePotential(y,'dblwell',[3,0.01,0.1])
952,PH_ForcePotential(y,'sine',[3,0.5,1])
953,PH_ForcePotential(y,'sine',[1,1,1])
954,PH_ForcePotential(y,'sine',[10,0.04,10])
955,DN_RemovePoints(y,'absclose',0.1)
956,DN_RemovePoints(y,'absclose',0.5)
957,DN_RemovePoints(y,'absclose',0.8)
958,DN_RemovePoints(y,'absfar',0.1)
959,DN_RemovePoints(y,'absfar',0.5)
960,DN_RemovePoints(y,'absfar',0.8)
961,DN_RemovePoints(y,'min',0.1)
962,DN_RemovePoints(y,'min',0.5)
963,DN_RemovePoints(y,'min',0.8)
964,DN_RemovePoints(y,'max',0.1)
965,DN_RemovePoints(y,'max',0.5)
966,DN_RemovePoints(y,'max',0.8)
967,CO_TranslateShape(y,'circle',1.5,'pts')
968,CO_TranslateShape(y,'circle',2.5,'pts')
969,CO_TranslateShape(y,'circle',3.5,'pts')
970,CO_TranslateShape(y,'circle',4.5,'pts')
971,CO_TranslateShape(y,'circle',5.5,'pts')
972,CO_StickAngles(y)
973,CO_StickAngles(x)
974,CO_Embed2(y,'tau')
975,CO_Embed2_AngleTau(y,50)
976,CO_Embed2_Dist(y,'tau')
977,CO_Embed2_Shapes(y,'tau','circle',0.1)
978,CO_Embed2_Shapes(y,'tau','circle',1)
979,NW_VisibilityGraph(y,'horiz')
980,SY_DynWin(y,10)
981,SY_SpreadRandomLocal(y,'ac2')
982,SY_SpreadRandomLocal(y,'ac5')
983,SY_SpreadRandomLocal(y,50)
984,SY_SpreadRandomLocal(y,100)
985,SY_SpreadRandomLocal(y,200)
986,SY_DriftingMean(y,'fix',20)
987,SY_DriftingMean(y,'fix',50)
988,SY_DriftingMean(y,'fix',100)
989,SY_DriftingMean(y,'num',5)
990,SY_DriftingMean(y,'num',10)
991,SY_StdNthDerChange(y)
992,SY_LocalDistributions(y,2,'par')
993,SY_LocalDistributions(y,3,'par')
994,SY_LocalDistributions(y,4,'par')
995,SY_LocalDistributions(y,5,'par')
996,SY_LocalDistributions(y,3,'each')
997,SY_LocalDistributions(y,4,'each')
998,SY_LocalDistributions(y,5,'each')
999,SY_RangeEvolve(y)
1000,FC_Surprise(y,'dist',5,2,'quantile')
1001,FC_Surprise(y,'dist',20,2,'quantile')
1002,FC_Surprise(y,'dist',50,3,'quantile')
1003,FC_Surprise(y,'dist',100,4,'quantile')
1004,FC_Surprise(y,'dist',100,5,'quantile')
1005,FC_Surprise(y,'T1',20,2,'quantile')
1006,FC_Surprise(y,'T1',50,3,'quantile')
1007,FC_Surprise(y,'T1',100,4,'quantile')
1008,FC_Surprise(y,'T1',100,5,'quantile')
1009,FC_Surprise(y,'T2',20,2,'quantile')
1010,FC_Surprise(y,'T2',50,3,'quantile')
1011,FC_Surprise(y,'T2',100,4,'quantile')
1012,FC_Surprise(y,'T2',100,5,'quantile')
1013,FC_Surprise(y,'dist',5,2,'updown')
1014,FC_Surprise(y,'dist',20,2,'updown')
1015,FC_Surprise(y,'dist',50,3,'updown')
1016,FC_Surprise(y,'dist',100,4,'updown')
1017,FC_Surprise(y,'dist',100,5,'updown')
1018,FC_Surprise(y,'T1',20,2,'updown')
1019,FC_Surprise(y,'T1',50,3,'updown')
1020,FC_Surprise(y,'T1',100,4,'updown')
1021,FC_Surprise(y,'T1',100,5,'updown')
1022,FC_Surprise(y,'T2',20,2,'updown')
1023,FC_Surprise(y,'T2',50,3,'updown')
1024,FC_Surprise(y,'T2',100,4,'updown')
1025,FC_Surprise(y,'T2',100,5,'updown')
1026,FC_Surprise(y,'dist',5,1,'embed2quadrants')
1027,FC_Surprise(y,'dist',5,'tau','embed2quadrants')
1028,FC_Surprise(y,'dist',10,'tau','embed2quadrants')
1029,FC_Surprise(y,'dist',20,'tau','embed2quadrants')
1030,FC_Surprise(y,'T1',10,1,'embed2quadrants')
1031,FC_Surprise(y,'T1',10,'tau','embed2quadrants')
1032,FC_Surprise(y,'T1',20,'tau','embed2quadrants')
1033,FC_Surprise(y,'T1',50,'tau','embed2quadrants')
1034,FC_Surprise(y,'T2',50,'tau','embed2quadrants')
1035,FC_Surprise(y,'T2',100,'tau','embed2quadrants')
1036,PH_Walker(y,'prop',0.1)
1037,PH_Walker(y,'prop',0.5)
1038,PH_Walker(y,'prop',0.9)
1039,PH_Walker(y,'prop',1.1)
1040,PH_Walker(y,'biasprop',[0.5,0.1])
1041,PH_Walker(y,'biasprop',[0.1,0.5])
1042,PH_Walker(y,'momentum',2)
1043,PH_Walker(y,'momentum',5)
1044,PH_Walker(y,'runningvar',[1.5,50])
1045,EN_SampEn(y,4,0.05)
1046,EN_SampEn(y,4,0.1)
1047,EN_SampEn(y,4,0.15)
1048,EN_SampEn(y,4,0.2)
1049,EN_SampEn(y,4,0.3)
1050,EN_SampEn(y,4,0.1,'diff1')
1051,EN_SampEn(y,4,0.2,'diff1')
1052,EN_Randomize(y,'statdist')
1053,EN_Randomize(y,'dyndist')
1054,EN_Randomize(y,'permute')
1055,FC_LocalSimple(y,'mean',1)
1056,FC_LocalSimple(y,'mean',2)
1057,FC_LocalSimple(y,'mean',3)
1058,FC_LocalSimple(y,'mean',4)
1059,FC_LocalSimple(y,'mean','ac')
1060,FC_LoopLocalSimple(y,'mean')
1061,FC_LocalSimple(y,'median',3)
1062,FC_LocalSimple(y,'median',5)
1063,FC_LocalSimple(y,'median',7)
1064,FC_LocalSimple(y,'lfit',2)
1065,FC_LocalSimple(y,'lfit',3)
1066,FC_LocalSimple(y,'lfit',4)
1067,FC_LocalSimple(y,'lfit',5)
1068,FC_LocalSimple(y,'lfit','ac')
1069,DN_SimpleFit(y,'gauss1',0)
1070,DN_SimpleFit(y,'gauss1',10)
1071,DN_SimpleFit(y,'gauss1',30)
1072,DN_SimpleFit(y,'gauss2',0)
1073,DN_SimpleFit(y,'gauss2',10)
1074,DN_SimpleFit(y,'gauss2',30)
1075,DN_SimpleFit(y,'exp1',0)
1076,DN_SimpleFit(y,'exp1',10)
1077,DN_SimpleFit(y,'exp1',30)
1078,DN_SimpleFit(y,'power1',0)
1079,DN_SimpleFit(y,'power1',10)
1080,DN_SimpleFit(y,'power1',30)
1081,DN_CompareKSFit(x,'norm')
1082,DN_CompareKSFit(x,'ev')
1083,DN_CompareKSFit(x,'uni')
1084,DN_CompareKSFit(x,'beta')
1085,DN_CompareKSFit(x,'rayleigh')
1086,DN_CompareKSFit(x,'exp')
1087,DN_CompareKSFit(x,'gamma')
1088,DN_CompareKSFit(x,'logn')
1089,DN_CompareKSFit(x,'wbl')
1090,DN_OutlierInclude(y,'abs')
1091,DN_OutlierInclude(y,'p')
1092,DN_OutlierInclude(y,'n')
1093,ST_LocalExtrema(y,'l',50)
1094,ST_LocalExtrema(y,'l',100)
1095,ST_LocalExtrema(y,'n',25)
1096,ST_LocalExtrema(y,'n',50)
1097,ST_LocalExtrema(y,'n',100)
1098,EX_MovingThreshold(y,0.1,0.1)
1099,EX_MovingThreshold(y,0.1,0.02)
1100,EX_MovingThreshold(y,1,0.1)
1101,EX_MovingThreshold(y,1,0.02)
1102,SB_BinaryStats(y,'diff')
1103,SB_BinaryStats(y,'mean')
1104,SB_BinaryStats(y,'iqr')
1105,SB_MotifTwo(y,'diff')
1106,SB_MotifTwo(y,'mean')
1107,SB_MotifTwo(y,'median')
1108,SB_MotifThree(y,'quantile')
1109,SB_MotifThree(y,'diffquant')
1110,MF_AR_arcov(y,1)
1111,MF_AR_arcov(y,2)
1112,MF_AR_arcov(y,3)
1113,MF_AR_arcov(y,4)
1114,MF_AR_arcov(y,5)
1115,DN_SimpleFit(y,'sin1')
1116,DN_SimpleFit(y,'sin2')
1117,DN_SimpleFit(y,'sin3')
1118,DN_SimpleFit(y,'fourier1')
1124,SC_FluctAnal(y,2,'rsrange',1,[],[],0)
1125,SC_FluctAnal(y,2,'rsrangefit',2,1,[],0)
1139,SC_FluctAnal(y,2,'rsrange',25,[],[],1)
1140,SC_FluctAnal(y,2,'rsrangefit',25,1,[],1)
1149,SP_Summaries(y,'periodogram','hamming',[],0,0)
1150,SP_Summaries(y,'periodogram','hamming',[],1,0)
1151,NL_crptool_fnn(y,10,2,'mi')
1152,NL_crptool_fnn(y,10,2,'ac')
1153,NL_crptool_fnn(y,10,2,1)
1154,SY_TISEAN_nstat_z(y,4,{1,3})
1155,SY_TISEAN_nstat_z(y,5,{1,3})
1156,SY_TISEAN_nstat_z(y,4,{'ac',3})
1157,NL_TISEAN_d2(y,1,10,0)
1158,NL_TISEAN_d2(y,'ac',10,0.01)
1159,NL_TISEAN_c1(y,1,[1,7],0.02,0.5)
1160,NL_TISEAN_c1(y,1,[2,6],25,0.1)
1161,NL_TSTL_acp(y,'mi',1,[],10,[])
1162,NL_TSTL_acp(y,1,0.01,0.25,10,0.5)
1163,NL_CaosMethod(y,10,'mi',3,500)
1164,NL_CaosMethod(y,10,'mi',2,100)
1165,NL_CaosMethod(y,10,'mi',2,0.2)
1166,NL_BoxCorrDim(y,50,{'ac',5})
1167,NL_TSTL_GPCorrSum(y,-1,0.5,40,20,{'ac','cao'})
1168,NL_TSTL_GPCorrSum(y,-1,0.5,100,20,{'ac','cao'})
1169,NL_TSTL_GPCorrSum(y,-1,0.1,40,20,{'ac','cao'})
1170,NL_TSTL_GPCorrSum(y,-1,0.1,40,40,{'ac','cao'})
1171,NL_TSTL_GPCorrSum(y,-1,0.5,40,20,{'ac','cao'},2)
1172,NL_TSTL_GPCorrSum(y,-1,0.5,100,20,{'ac','cao'},2)
1173,NL_TSTL_GPCorrSum(y,-1,0.1,40,20,{'ac','cao'},2)
1174,NL_TSTL_GPCorrSum(y,-1,0.1,40,40,{'ac','cao'},2)
1175,TSTL_delaytime(y,0.1,1)
1176,NL_TSTL_dimensions(y,50,{'ac','cao'})
1177,NL_TSTL_FractalDimensions(y,5,20,0.2,1,10,0,32,{'ac','cao'})
1178,NL_TSTL_FractalDimensions(y,5,100,0.2,1,10,0,32,{'ac',3})
1179,NL_TSTL_FractalDimensions(y,2,100,0.2,1,5,10,32,{'ac',5})
1180,NL_TSTL_FractalDimensions(y,2,100,0.2,1,5,10,32,{1,5})
1181,NL_TSTL_FractalDimensions(y,2,10,-1,1,5,10,32,{1,5})
1182,TSTL_localdensity(y,5,40,{'ac','cao'})
1183,TSTL_localdensity(y,5,40,{'ac',2})
1184,TSTL_localdensity(y,5,40,{1,3})
1185,NL_TSTL_PoincareSection(y,'max',{'mi',3})
1186,NL_TSTL_PoincareSection(y,'max',{'ac',3})
1187,NL_TSTL_PoincareSection(y,'max',{1,3})
1188,NL_TSTL_LargestLyap(y,0.5,0.1,0.01,3,{'mi','cao'})
1189,NL_TSTL_LargestLyap(y,-1,0.1,0.01,3,{1,4})
1198,NL_TSTL_ReturnTime(y,10,1,1,-1,{'ac',8})
1199,NL_TSTL_ReturnTime(y,5,1,40,-1,{1,8})
1200,NL_TSTL_ReturnTime(y,0.05,1,0.05,-1,{1,3})
1201,SD_TSTL_surrogates(y,1,100,1,'tc3')
1202,SD_TSTL_surrogates(y,'mi',100,1,'tc3')
1203,SD_TSTL_surrogates(y,1,100,2,'tc3')
1204,SD_TSTL_surrogates(y,'mi',100,2,'tc3')
1205,SD_TSTL_surrogates(y,1,100,3,'tc3')
1206,SD_TSTL_surrogates(y,'mi',100,3,'tc3')
1207,SD_TSTL_surrogates(y,1,100,1,'trev')
1208,SD_TSTL_surrogates(y,'mi',100,1,'trev')
1209,SD_TSTL_surrogates(y,1,100,2,'trev')
1210,SD_TSTL_surrogates(y,'mi',100,2,'trev')
1211,SD_TSTL_surrogates(y,1,100,3,'trev')
1212,SD_TSTL_surrogates(y,'mi',100,3,'trev')
1213,PP_Compare(x,'poly1')
1214,PP_Compare(x,'poly2')
1215,PP_Compare(x,'sin1')
1216,PP_Compare(x,'sin2')
1217,PP_Compare(x,'spline24')
1218,PP_Compare(x,'spline44')
1219,PP_Compare(x,'spline64')
1220,PP_Compare(x,'diff1')
1221,PP_Compare(x,'diff2')
1222,PP_Compare(x,'medianf2')
1223,PP_Compare(x,'medianf3')
1224,PP_Compare(x,'medianf4')
1225,PP_Compare(x,'medianf10')
1226,PP_Compare(x,'rav2')
1227,PP_Compare(x,'rav3')
1228,PP_Compare(x,'rav4')
1229,PP_Compare(x,'rav10')
1230,PP_Compare(x,'resample_1_2')
1231,PP_Compare(x,'resample_2_1')
1232,PP_Compare(x,'logr')
1233,PP_Compare(x,'boxcox')
1234,PP_Iterate(x,'spline')
1235,PP_Iterate(x,'diff')
1236,PP_Iterate(x,'medianf')
1237,PP_Iterate(x,'rav')
1238,PP_Iterate(x,'resampleup')
1239,PP_Iterate(x,'resampledown')
1240,MF_GP_hyperparameters(y,{'covSum',{'covSEiso','covNoise'}},1,200,'resample')
1241,MF_GP_hyperparameters(y,{'covSum',{'covSEiso','covPeriodic','covNoise'}},1,200,'resample')
1242,MF_GP_hyperparameters(y,{'covSum',{'covSEiso','covNoise'}},1,200,'first')
1243,MF_GP_hyperparameters(y,{'covSum',{'covSEiso','covPeriodic','covNoise'}},1,200,'first')
1244,MF_GP_hyperparameters(y,{'covSum',{'covSEiso','covNoise'}},1,50,'random_i')
1245,MF_GP_LocalPrediction(y,{'covSum',{'covSEiso','covNoise'}},5,3,10,'beforeafter')
1246,MF_GP_LocalPrediction(y,{'covSum',{'covSEiso','covNoise'}},10,3,20,'frombefore')
1247,MF_GP_LocalPrediction(y,{'covSum',{'covSEiso','covNoise'}},10,3,20,'randomgap')
1248,MF_GP_FitAcross(y,{'covSum',{'covSEiso','covNoise'}},20)
1262,MF_arfit(y,1,8,'sbc')
1263,NL_MS_fnn(y,1:10,'mi',5,1)
1264,NL_MS_nlpe(y,2,'mi')
1265,NL_MS_nlpe(y,3,'ac')
1266,NL_MS_nlpe(y,'fnn','mi')
1267,EN_MS_shannon(y,2:10,2)
1268,EN_MS_shannon(y,2:10,3)
1269,EN_MS_shannon(y,2:10,4)
1270,EN_MS_shannon(y,2,1:10)
1271,EN_MS_shannon(y,3,1:10)
1272,EN_MS_shannon(y,4,1:10)
1273,NL_embed_PCA(y,'mi',10)
1274,NL_embed_PCA(y,1,10)
1275,PP_ModelFit(y,'ar',2)
1276,MF_steps_ahead(y,'ar',2,6)
1277,MF_steps_ahead(y,'ar','best',6)
1278,MF_steps_ahead(y,'ss','best',6)
1279,MF_steps_ahead(y,'arma',[3,1],6)
1280,MF_FitSubsegments(y,'arsbc',[],'uniform',[25,0.1])
1281,MF_FitSubsegments(y,'arsbc',[],'rand',[25,0.1])
1282,MF_FitSubsegments(y,'ar',2,'uniform',[25,0.1])
1283,MF_FitSubsegments(y,'ss',2,'uniform',[25,0.1])
1284,MF_FitSubsegments(y,'arma',[2,2],'uniform',[25,0.1])
1285,MF_CompareTestSets(y,'ar',4,'rand',[25,0.1],1)
1286,MF_CompareTestSets(y,'ar','best','uniform',[25,0.1],1)
1287,MF_CompareTestSets(y,'ss','best','uniform',[25,0.1],1)
1288,MF_CompareTestSets(y,'ss',2,'uniform',[25,0.1],1)
1289,MF_StateSpaceCompOrder(y,8)
1290,MF_StateSpace_n4sid(y,1,0.5,1)
1291,MF_StateSpace_n4sid(y,2,0.5,1)
1292,MF_StateSpace_n4sid(y,3,0.5,1)
1293,MF_CompareAR(y,1:10,'all')
1294,MF_CompareAR(y,1:10,0.5)
1295,MF_armax(y,[3,1],0.5,1)
1296,MF_armax(y,[1,1],0.5,1)
1297,MF_armax(y,[2,2],0.5,1)
1298,MF_ARMA_orders(y,1:6,1:4)
1299,MF_ExpSmoothing(y,0.5,'best')
1300,MF_GARCHfit(y,'ar','default')
1301,MF_GARCHfit(y,'nothing','auto')
1302,MF_GARCHfit(y,'ar','''R'',2,''M'',1,''P'',2,''Q'',1')
1303,MF_GARCHcompare(y,'ar',1:3,1:3)
1304,SY_VarRatioTest(y,2,0)
1305,SY_VarRatioTest(y,2,1)
1306,SY_VarRatioTest(y,4,0)
1307,SY_VarRatioTest(y,4,1)
1308,SY_VarRatioTest(y,[2,4,6,8,2,4,6,8],[0,0,0,0,1,1,1,1])
1309,SY_PPtest(y,0:5,'ar','t1')
1310,SY_PPtest(y,0:5,'ard','t1')
1311,SY_PPtest(y,0:5,'ts','t1')
1312,SY_KPSStest(y,0)
1313,SY_KPSStest(y,1)
1314,SY_KPSStest(y,2)
1315,SY_KPSStest(y,0:10)
1316,MF_hmm_fit(y,0.7,3)
1317,MF_hmm_fit(y,0.8,2)
1318,MF_hmm_CompareNStates(y,0.6,2:4)
1319,MD_hrv_classic(y)
1321,CP_ML_StepDetect(y,'l1pwc',10)
1322,CP_ML_StepDetect(y,'l1pwc',0.05)
1323,CP_ML_StepDetect(y,'l1pwc',0.2)
1324,CP_l1pwc_sweep_lambda(y,0:0.05:0.95)
1325,ST_MomentCorr(y,0.02,0.2,'mean','std','none')
1326,ST_MomentCorr(y,0.02,0.2,'median','iqr','none')
1327,ST_MomentCorr(y,0.02,0.2,'mean','std','abs')
1328,ST_MomentCorr(y,0.02,0.2,'median','iqr','abs')
1329,ST_MomentCorr(y,0.02,0.2,'mean','std','sqrt')
1330,ST_MomentCorr(y,0.02,0.2,'median','iqr','sqrt')
1331,SP_Summaries(y,'periodogram','hamming',[],0,1)
1332,SD_SurrogateTest(y,'RP',99,[],{'ami1','fmmi','o3','tc3'})
1333,SP_Summaries(y,'fft',[],[],0,1)
1334,MD_pNN(x)
1335,MD_rawHRVmeas(x)
